Workbook

Sheet How to use
A1: Sarvam hands-on error log
A3: Goal: find 4–5 clear, repeatable error categories in about 3 hours. Precision beats volume.
A5: Steps
A6: 1. Work down the Test log. Each row says what to test; write your exact input in the yellow 'Your input' column, in an Indian language you speak.
A7: 2. Fill 'Expected' before you run it, then paste what you actually got.
A8: 3. Pick an Error type and Severity from the dropdowns. Use 'None (passed)' when it worked; passes count too.
A9: 4. Note latency in seconds for voice tests, and the screenshot filename in Notes.
A10: 5. When a category shows a real failure, run 2–3 variations of it (rows T26 onward are blank for this). Repeatable beats one-off.
A11: 6. The Summary tab counts errors by type and severity automatically.
A13: Which cells to edit: yellow cells only. Inputs and expected outputs are pre-filled; T01–T12 run in the Indus app by hand, T13–T25 run through the API script.
A14: Surfaces: Indus app (text and voice) and the Sarvam API playground (speech-to-text, text-to-speech, translation). Skip anything gated behind an enterprise signup.

Sheet Test log
A1: ID | B1: Surface | C1: Category | D1: What to test | E1: Your input | F1: Expected | G1: Got | H1: Error type | I1: Severity | J1: Latency (s) | K1: Notes / screenshot
A2: T01 | B2: Indus – text | C2: Code-mixing | D2: Ask a question mixing English and your language mid-sentence; check reply language and script | E2: എനിക്ക് നാളെ ഒരു job interview ഉണ്ട്, എന്ത് prepare ചെയ്യണം? | F2: Reply in Malayalam script, keeping English terms (interview, prepare) as a Malayali would; practical prep tips; doesn't switch fully to English. | G2: Reply in Malayalam with natural English terms (interview, JD, STAR, resume); practical day-before plan; ended by asking role and format. | H2: None (passed) | J2: ~20 | K2: Indus Agent mode, run 28 Oct. Included one made-up stat ('70% of questions come from the JD') stated as fact.
A3: T02 | B3: Indus – text | C3: Code-mixing | D3: Ask in Roman-script (transliterated) form of your language; see if it replies in Roman or native script | E3: Ente phone il battery pettennu theerunnu, enthu cheyyanam? | F3: Understands Manglish; gives battery tips; note whether it replies in Manglish or Malayalam script (either is fine if consistent). | G3: Replied fully in Manglish (Roman script), consistent throughout; correct battery tips; asked for phone model. | H3: None (passed) | J3: ~20 | K3: Matched the user's script, which is the right call.
A4: T03 | B4: Indus – voice | C4: Code-mixing | D4: Speak a code-mixed sentence with English tech words (app, OTP, refund) | E4: (Speak) എന്റെ OTP വന്നില്ല, refund status ഒന്ന് check ചെയ്യാമോ? | F4: Hears OTP, refund, status, check correctly; replies in Malayalam voice; says it can't see accounts and suggests next steps. | G4: Heard: 'എൻ്റെ ഒടിപി വന്നില്ല, റീഫണ്ട് സ്റ്റേറ്റസ് ഒന്ന് ചെക്ക് ചെയ്യുമോ?' Reply: said plainly it has no access to order or payment systems, then gave OTP and refund troubleshooting steps and asked which app it was. | H4: None (passed) | K4: Voice run by you, 29 Oct. All English words (OTP, refund, status, check) recognised, written in Malayalam script. 'ചെയ്യാമോ' came through as 'ചെയ്യുമോ'; same meaning. Honest about its limits instead of inventing a status.
A5: T04 | B5: Indus – text | C5: Numbers | D5: Ask a money question with lakh/crore and decimals (e.g. EMI on 4.5 lakh at 9.5%) | E5: 4.5 ലക്ഷം രൂപ 9.5% പലിശക്ക് 3 വർഷത്തേക്ക് എടുത്താൽ EMI എത്ര വരും? | F5: About ₹14,415 per month; total interest about ₹68,934. Reads 4.5 ലക്ഷം as ₹4,50,000. | G5: EMI about ₹14,415/month; total ₹5,18,934; interest about ₹68,934. Read 4.5 ലക്ഷം as ₹4,50,000. Used a calculator tool. | H5: None (passed) | J5: ~40 | K5: Correct. Slowest answer so far; English terms here were transliterated into Malayalam script, unlike T01.
A6: T05 | B6: Indus – voice | C6: Numbers | D6: Speak a phone number and a 6-digit OTP; ask it to repeat them back | E6: (Speak) എന്റെ നമ്പർ 98470 12345 ആണ്, OTP 482913. ഇത് ഒന്ന് തിരിച്ചു പറയാമോ? | F6: Repeats 98470 12345 and 482913 exactly, read naturally (grouped digits, not 'ninety-eight thousand…'). | G6: Heard: 'എൻ്റെ നമ്പർ തൊണ്ണൂറ്റി നാൽപ്പത്തേഴ് പൂജ്യം ഒന്ന് രണ്ട് മൂന്ന് നാല് അഞ്ച്…' Read back the number as 97012345 (8 digits) and flagged that digits seemed missing. OTP read back correctly as 482913. | H6: Number / amount | I6: High | K6: Phone number came back wrong at two layers: the transcript lost part of '98' (98470 → 'തൊണ്ണൂറ്റി നാൽപ്പത്തേഴ്'), then the model turned that into 97. It did notice only 8 digits and asked you to confirm, and warned against sharing OTPs. Numbers stay as words in the chat transcript, while the API (T14) returns digits.
A7: T06 | B7: Indus – text | C7: Dates | D7: Use relative dates in your language (day after tomorrow, next Friday); ask for the exact date | E7: ഇന്നത്തെ തീയതി എന്താണ്? മറ്റന്നാൾ ഏത് തീയതി ആയിരിക്കും? അടുത്ത വെള്ളിയാഴ്ച ഏത് തീയതി? | F7: If run on 28 Oct 2026: today Wed 28 Oct; day after tomorrow Fri 30 Oct; 'next Friday' is ambiguous (30 Oct or 6 Nov) and should be flagged. Adjust for the day you test. | G7: Today Wed 28 Oct 2026; day after tomorrow Fri 30 Oct; flagged 'next Friday' as ambiguous and gave both 30 Oct and 6 Nov. | H7: None (passed) | J7: ~25 | K7: Best answer of the set.
A8: T07 | B8: Indus – text | C8: Names | D8: Ask about local places and people from your region with uncommon spellings | E8: തൃപ്പൂണിത്തുറ അത്തച്ചമയം, കൊടുങ്ങല്ലൂർ ഭരണി — രണ്ടിനെയും കുറിച്ച് ചുരുക്കി പറയാമോ? | F8: Correct spellings; Athachamayam is the Atham-day procession in Tripunithura that opens Onam; Bharani is the festival at Kodungallur Bhagavathy temple. | G8: Accurate descriptions of both festivals, correct spellings. Auto chat title was 'Thrissur Pooram Bharani'; said Athachamayam is 'exactly ten days' before Thiruvonam. | H8: Name / entity | I8: Low | J8: ~30 | K8: Chat title names a festival that wasn't asked about. Atham to Thiruvonam is 9 days, not 10 (Atham is day 1). Some translationese in the last paragraph.
A9: T08 | B9: Indus – text | C9: Indian context | D9: Ask a factual question about a recent Indian government scheme or local fact; verify the answer | E9: കൊച്ചി വാട്ടർ മെട്രോ എന്ന് തുടങ്ങി? ഇപ്പോൾ ഏതൊക്കെ റൂട്ടുകൾ ഉണ്ട്? | F9: Started April 2023 (first route High Court–Vypin). Verify current routes on the KMRL / Water Metro site before marking. | G9: Opened 25 Apr 2023 (service from 26 Apr, High Court–Vypin); listed 6 routes and 10 terminals; noted Mattancherry route suspension; cited web sources. | H9: None (passed) | J9: ~40 | K9: Searched the web with citations. Route list and dates confirmed by you.
A10: T09 | B10: Indus – text | C10: Instruction following | D10: Ask for an answer in exactly 3 bullet points, only in your language, no English | E10: ഓണത്തെ കുറിച്ച് കൃത്യം 3 bullet points, മലയാളത്തിൽ മാത്രം, ഒരു English വാക്കും ഉപയോഗിക്കരുത്. | F10: Exactly 3 bullets; Malayalam only; zero English words. | G10: Exactly 3 bullets, Malayalam only, no English words. Listed 'തുമ്പപ്പൂക്കളി' as an Onam art form. | H10: None (passed) | J10: ~20 | K10: Instruction followed perfectly; content confirmed by you.
A11: T10 | B11: Indus – text | C11: Reasoning | D11: Give a short word problem in your language; check the answer and the explanation | E11: ഒരു കടയിൽ 1 kg അരിക്ക് ₹48. 12.5 kg വാങ്ങി, 5% discount കിട്ടി. എത്ര രൂപ കൊടുക്കണം? | F11: ₹570 (₹600 minus 5%), with correct steps. | G11: ₹600 − 5% (₹30) = ₹570, steps shown. | H11: None (passed) | J11: ~25
A12: T11 | B12: Indus – text | C12: Long input | D12: Upload or paste a 1–2 page document in your language; ask for a summary and one specific detail | E12: Paste a 1–2 page Malayalam news article you choose, then ask: ഇതിന്റെ 3 വരി സംഗ്രഹം തരൂ. ലേഖനത്തിൽ പറയുന്ന ആദ്യ തീയതി ഏതാണ്? | F12: Accurate 3-line summary; the date exactly as written in the article. | G12: Dummy Kochi waste-segregation article (written for the test). First date: ഒക്ടോബർ 12 (correct; not fooled by 2019 or നവംബർ 1). Amount: ₹3.5 കോടി (correct). The '3-line summary' was one paragraph of 6 sentences. | H12: Instruction miss | I12: Low | J12: ~30 | K12: All facts and numbers right. Ignored the 3-line length limit. Input was an invented article, not a real news piece.
A13: T12 | B13: Indus – app | C13: UX | D13: Note friction: login, waitlist, reasoning delay, chat history controls, switching language | E13: Walk through: sign up → first chat → switch to Malayalam voice → delete one chat → turn reasoning off. | F13: Each step reachable in a few taps; no hard waitlist; single-chat delete; a way to skip reasoning. Note anything missing. | G13: Indus now lives inside a 'Cowork' workspace (switcher: Cowork, Sarvam API, Voice Agents, Content Studio, Doc Agents, Code). Single-chat Rename/Delete exists. No reasoning toggle or speed mode; no language setting; settings are organisation-level only. Model training is on by default. 80 credits shown. | H13: Latency | I13: Medium | J13: 20–40 | K13: Launch-era gaps (chat delete) are fixed. Main friction: 20–40 s per answer with no fast mode. Delete not clicked, only confirmed present.
A14: T13 | B14: STT API | C14: Code-mixing | D14: Record 20–30 seconds of natural code-mixed speech; check the transcript word by word | E14: (Synthetic) Sarvam TTS reads: ഇന്നലെ ഞാൻ Lulu Mall ൽ പോയി, പക്ഷേ parking full ആയിരുന്നു, so ഞങ്ങൾ Edappally metro station ൽ നിന്ന് auto പിടിച്ചു. | F14: Transcript matches word for word; English words (Lulu Mall, parking, full, so, metro station, auto) kept recognisable. | G14: ഇന്നലെ ഞാൻ ലു മാളിൽ പോയി. പക്ഷേ പാർക്കിംഗ് ഫുൾ ആയിരുന്നു. സോ ഞങ്ങൾ എടാപ്പള്ളി മെട്രോ സ്റ്റേഷനിൽ നിന്ന് ഓട്ടോ പിടിച്ചു. | H14: Name / entity | I14: Medium | J14: 0.77 | K14: 'Lulu' became 'ലു' and Edappally became 'എടാപ്പള്ളി'. Everything else right; English words written in Malayalam script. Synthetic audio (Sarvam TTS).
A15: T14 | B15: STT API | C15: Numbers | D15: Record amounts, dates and a phone number spoken naturally; check formatting in the transcript | E15: (Synthetic) TTS reads: എന്റെ phone number 98470 12345 ആണ്. ₹2,450 ന്റെ bill നവംബർ 5-ന് മുമ്പ് അടയ്ക്കണം. | F15: Digits 98470 12345, amount 2,450 and 'നവംബർ 5' come back correctly (as digits or words, consistently). | G15: എൻ്റെ ഫോൺ നമ്പർ 9847012345 ആണ്. 2450 റുപ്പീസിൻ്റെ ബിൽ നവംബർ 5ന് മുമ്പ് അടയ്ക്കണം. | H15: None (passed) | J15: 0.7 | K15: Digits, amount and date all correct. Lost digit grouping (98470 12345 → 9847012345) and ₹ became 'റുപ്പീസ്'.
A16: T15 | B16: STT API | C16: Noise / accent | D16: Re-record T13 with background noise (fan, traffic, TV) | E16: T13 audio with pink noise added at low / medium / high levels. | F16: Same transcript as T13 at low noise; graceful degradation (not garbage) at medium and high. | G16: Low: 'ലുലു മാളിൽ' (correct). Medium: 'ലൂമാല്യ'. High: 'ലൂ മാളിൽ'. Rest of the sentence identical at all levels. | H16: Name / entity | I16: Low | J16: 0.74–0.83 | K16: Noise barely matters; the only thing that changes is the brand name, which flips between right and wrong. The weak point is the entity, not noise robustness.
A17: T16 | B17: STT API | C17: Long audio | D17: Try a 2–3 minute clip; check accuracy drift toward the end | E17: About 2 minutes of Malayalam (6 TTS paragraphs, repeated) sent to the REST endpoint. | F17: Docs say REST is for audio under 30 s and longer files need the Batch API. Expect a clear error or truncation; check what actually happens. | G17: HTTP 400: 'Audio duration exceeds the maximum limit of 30 seconds. Please use the batch API for longer audio files.' | H17: None (passed) | J17: 1.54 | K17: 86-second clip. Clear, actionable error, as documented.
A18: T17 | B18: TTS API | C18: Numbers | D18: Feed a sentence with ₹ amounts, dates and a phone number; listen to how they are read | E18: TTS: നിങ്ങളുടെ EMI ₹14,415 ആണ്, അടുത്ത due date 05/11/2026. സംശയങ്ങൾക്ക് 1800 425 1234 ൽ വിളിക്കുക. | F18: ₹14,415 read as a natural Malayalam amount; date read as 5 November (not 'zero five slash'); helpline read in digit groups. Listen to T17.wav. | G18: Round-trip transcript: EMI 'പതിനാലായിരത്തി നാനൂറ്റി പതിനഞ്ച് റുപ്പീസ്'; date 'നവംബർ അഞ്ച് രണ്ടായിരത്തി ഇരുപത്തിയാറ്'; helpline read digit by digit. | H18: None (passed) | J18: 3.18 | K18: Confirmed by listening (audio/T17.wav). Round trip showed the date read naturally and ₹ spoken as 'റുപ്പീസ്'.
A19: T18 | B19: TTS API | C19: Names | D19: Feed regional names and brand names; listen for mispronunciation | E19: TTS: തൃപ്പൂണിത്തുറ, കൊടുങ്ങല്ലൂർ, ഇരിങ്ങാലക്കുട എന്നിവിടങ്ങളിൽ Swiggy, Zomato, PhonePe ഇപ്പോൾ ലഭ്യമാണ്. | F19: Place names pronounced as a local would; brand names in normal Indian English. Listen to T18.wav. | G19: Round trip matched the input exactly (all three place names and Swiggy, Zomato, PhonePe). | H19: None (passed) | J19: 1.93 | K19: Confirmed by listening (audio/T18.wav).
A20: T19 | B20: TTS API | C20: Code-mixing | D20: Feed a code-mixed sentence; listen for accent switching on English words | E20: TTS: നിങ്ങളുടെ order confirm ആയിട്ടുണ്ട്, delivery ഇന്ന് evening 6 മണിക്ക് മുമ്പ് ഉണ്ടാകും. | F20: English words sound natural, no robotic switch at language boundaries. Listen to T19.wav. | G20: Round trip matched the input exactly. | H20: None (passed) | J20: 1.96 | K20: Confirmed by listening (audio/T19.wav).
A21: T20 | B21: Translation API | C21: Meaning | D21: Translate an idiom and a polite customer-service sentence into your language; check register | E21: EN→ML (formal): It's raining cats and dogs, so your delivery may be delayed. We sincerely apologise for the inconvenience and appreciate your patience. | F21: Idiom rendered as heavy rain (e.g. കനത്ത മഴ), not literal cats and dogs; polite customer-service register. | G21: മഴ പെയ്യുന്നു, അതുകൊണ്ട് താങ്കളുടെ വിതരണം വൈകിയേക്കാം. ഈ അസൗകര്യത്തിൽ ഞങ്ങൾ ഖേദിക്കുന്നു, നിങ്ങളുടെ ക്ഷമയ്ക്ക് നന്ദി. | H21: Meaning / translation | I21: Medium | J21: 1 | K21: Idiom avoided but softened to just 'it's raining'. 'Delivery' became 'വിതരണം' (distribution). Switches honorific mid-message (താങ്കളുടെ then നിങ്ങളുടെ).
A22: T21 | B22: Translation API | C22: Round trip | D22: Translate English → your language → English; compare meaning with the original | E22: EN→ML→EN: Please carry your Aadhaar card and arrive 15 minutes before your appointment; late arrivals may need to reschedule. | F22: Back-translation keeps Aadhaar, 15 minutes, and the 'may need to reschedule' condition. | G22: ML: …ആധാർ കാർഡ് കൊണ്ടുവരികയും… 15 മിനിറ്റ് മുമ്പ്… Back to EN: 'Please bring your Aadhar card and arrive 15 minutes prior to your appointment; late arrivals may require a rescheduling.' | H22: None (passed) | J22: 2.07 | K22: Meaning, number and condition all survive.
A23: T22 | B23: Translation API | C23: Entities | D23: Translate a sentence with names, amounts and a URL; check they survive unchanged | E23: EN→ML: Hi Arjun, your refund of ₹1,299 for order #KX-48213 will reach your HDFC account by 2 Nov. Track it at www.example.in/track. | F23: Arjun, ₹1,299, #KX-48213, HDFC, 2 Nov and the URL survive unchanged. | G23: നമസ്കാരം അർജുൻ, ഓർഡർ #KX-48213-ന് ₹1,299 തിരിച്ചുനൽകൽ നവംബർ 2-ന് നിങ്ങളുടെ HDFC അക്കൗണ്ടിൽ എത്തും. www.example.in/track. ൽ ട്രാക്ക് ചെയ്യുക. | H23: Name / entity | I23: Low | J23: 1.14 | K23: All entities preserved. The sentence-ending period is now glued to the URL ('/track.'), which can break the link.
A24: T23 | B24: STT API | C24: Model comparison | D24: T13 audio on the older model (saaras:v3, codemix mode) | E24: Same T13 audio, saaras:v3 with mode=codemix | F24: Matches T13 or better on English words; compare script handling with T13. | G24: ഇന്നലെ ഞാൻ ലൂ മാല്യ പോയി പക്ഷേ പാർക്കിംഗ് ഫുൾ ആയിരുന്നു സോ ഞങ്ങൾ എടാപ്പള്ളി മെട്രോ സ്റ്റേഷനിൽ നിന്ന് ഓട്ടോ പിടിച്ചു | H24: Name / entity | I24: Medium | J24: 0.79 | K24: Older model (saaras:v3, codemix) is worse than v4: 'Lulu Mall-il' became 'ലൂ മാല്യ', and no punctuation.
A25: T24 | B25: Translation API | C25: Register | D25: T20 in modern-colloquial mode | E25: Same T20 input, mode=modern-colloquial | F25: Sounds like how a Kerala support agent would actually message; still polite; idiom handled. | G25: അത് cats and dogs rain ആണ്, so നിങ്ങളുടെ delivery delay ആകാൻ chance ഉണ്ട്. Inconvenience-ന് ഞങ്ങൾ sincerely apologise ചെയ്യുന്നു… | H25: Meaning / translation | I25: Medium | J25: 1.05 | K25: Colloquial mode translates the idiom literally ('cats and dogs rain'), which formal mode avoided. A customer would find this confusing.
A26: T25 | B26: STT API | C26: Language detection | D26: T13 audio with language auto-detect | E26: Same T13 audio, language_code=unknown | F26: Detects Malayalam (ml-IN) despite heavy English mixing; transcript close to T13. | G26: Detected ml-IN with probability 1.0; transcript identical to T13. | H26: None (passed) | J26: 0.71
A27: T26 | B27: STT API | C27: Fix check | D27: T13 audio with keyterms (saaras:v4): first in English, then in Malayalam script | E27: keyterms=["Lulu Mall","Edappally"], then keyterms=["ലുലു മാൾ","ഇടപ്പള്ളി"] | F27: Key terms fix both names. | G27: English key terms: no change at all. Malayalam-script key terms: 'ലുലു മാളിൽ' (fixed) and 'എടപ്പള്ളി' (closer, still not ഇടപ്പള്ളി). | H27: Name / entity | I27: Medium | J27: 0.78 | K27: Key terms only work in the output script. English terms (the format shown in the docs example) are silently ignored for Malayalam output, with no warning.
A28: T27
A29: T28
A30: T29
A31: T30
A32: T31
A33: T32
A34: T33
A35: T34
A36: T35
A37: T36
A38: T37
A39: T38
... A41: T40

Sheet Summary
A1: Error type | B1: Count | C1: High | D1: Medium | E1: Low
A2: ='Error types'!A2 -> None (passed) | B2: =COUNTIF('Test log'!$H$2:$H$42,A2) -> 15 | C2: =COUNTIFS('Test log'!$H$2:$H$42,A2,'Test log'!$I$2:$I$42,"High") -> 0 | D2: =COUNTIFS('Test log'!$H$2:$H$42,A2,'Test log'!$I$2:$I$42,"Medium") -> 0 | E2: =COUNTIFS('Test log'!$H$2:$H$42,A2,'Test log'!$I$2:$I$42,"Low") -> 0
A3: ='Error types'!A3 -> Code-mix break | B3: =COUNTIF('Test log'!$H$2:$H$42,A3) -> 0 | C3: =COUNTIFS('Test log'!$H$2:$H$42,A3,'Test log'!$I$2:$I$42,"High") -> 0 | D3: =COUNTIFS('Test log'!$H$2:$H$42,A3,'Test log'!$I$2:$I$42,"Medium") -> 0 | E3: =COUNTIFS('Test log'!$H$2:$H$42,A3,'Test log'!$I$2:$I$42,"Low") -> 0
A4: ='Error types'!A4 -> Number / amount | B4: =COUNTIF('Test log'!$H$2:$H$42,A4) -> 1 | C4: =COUNTIFS('Test log'!$H$2:$H$42,A4,'Test log'!$I$2:$I$42,"High") -> 1 | D4: =COUNTIFS('Test log'!$H$2:$H$42,A4,'Test log'!$I$2:$I$42,"Medium") -> 0 | E4: =COUNTIFS('Test log'!$H$2:$H$42,A4,'Test log'!$I$2:$I$42,"Low") -> 0
A5: ='Error types'!A5 -> Date / time | B5: =COUNTIF('Test log'!$H$2:$H$42,A5) -> 0 | C5: =COUNTIFS('Test log'!$H$2:$H$42,A5,'Test log'!$I$2:$I$42,"High") -> 0 | D5: =COUNTIFS('Test log'!$H$2:$H$42,A5,'Test log'!$I$2:$I$42,"Medium") -> 0 | E5: =COUNTIFS('Test log'!$H$2:$H$42,A5,'Test log'!$I$2:$I$42,"Low") -> 0
A6: ='Error types'!A6 -> Name / entity | B6: =COUNTIF('Test log'!$H$2:$H$42,A6) -> 6 | C6: =COUNTIFS('Test log'!$H$2:$H$42,A6,'Test log'!$I$2:$I$42,"High") -> 0 | D6: =COUNTIFS('Test log'!$H$2:$H$42,A6,'Test log'!$I$2:$I$42,"Medium") -> 3 | E6: =COUNTIFS('Test log'!$H$2:$H$42,A6,'Test log'!$I$2:$I$42,"Low") -> 3
A7: ='Error types'!A7 -> Script / transliteration | B7: =COUNTIF('Test log'!$H$2:$H$42,A7) -> 0 | C7: =COUNTIFS('Test log'!$H$2:$H$42,A7,'Test log'!$I$2:$I$42,"High") -> 0 | D7: =COUNTIFS('Test log'!$H$2:$H$42,A7,'Test log'!$I$2:$I$42,"Medium") -> 0 | E7: =COUNTIFS('Test log'!$H$2:$H$42,A7,'Test log'!$I$2:$I$42,"Low") -> 0
A8: ='Error types'!A8 -> Meaning / translation | B8: =COUNTIF('Test log'!$H$2:$H$42,A8) -> 2 | C8: =COUNTIFS('Test log'!$H$2:$H$42,A8,'Test log'!$I$2:$I$42,"High") -> 0 | D8: =COUNTIFS('Test log'!$H$2:$H$42,A8,'Test log'!$I$2:$I$42,"Medium") -> 2 | E8: =COUNTIFS('Test log'!$H$2:$H$42,A8,'Test log'!$I$2:$I$42,"Low") -> 0
A9: ='Error types'!A9 -> Hallucination / fact | B9: =COUNTIF('Test log'!$H$2:$H$42,A9) -> 0 | C9: =COUNTIFS('Test log'!$H$2:$H$42,A9,'Test log'!$I$2:$I$42,"High") -> 0 | D9: =COUNTIFS('Test log'!$H$2:$H$42,A9,'Test log'!$I$2:$I$42,"Medium") -> 0 | E9: =COUNTIFS('Test log'!$H$2:$H$42,A9,'Test log'!$I$2:$I$42,"Low") -> 0
A10: ='Error types'!A10 -> Instruction miss | B10: =COUNTIF('Test log'!$H$2:$H$42,A10) -> 1 | C10: =COUNTIFS('Test log'!$H$2:$H$42,A10,'Test log'!$I$2:$I$42,"High") -> 0 | D10: =COUNTIFS('Test log'!$H$2:$H$42,A10,'Test log'!$I$2:$I$42,"Medium") -> 0 | E10: =COUNTIFS('Test log'!$H$2:$H$42,A10,'Test log'!$I$2:$I$42,"Low") -> 1
A11: ='Error types'!A11 -> Pronunciation / prosody | B11: =COUNTIF('Test log'!$H$2:$H$42,A11) -> 0 | C11: =COUNTIFS('Test log'!$H$2:$H$42,A11,'Test log'!$I$2:$I$42,"High") -> 0 | D11: =COUNTIFS('Test log'!$H$2:$H$42,A11,'Test log'!$I$2:$I$42,"Medium") -> 0 | E11: =COUNTIFS('Test log'!$H$2:$H$42,A11,'Test log'!$I$2:$I$42,"Low") -> 0
A12: ='Error types'!A12 -> Latency | B12: =COUNTIF('Test log'!$H$2:$H$42,A12) -> 1 | C12: =COUNTIFS('Test log'!$H$2:$H$42,A12,'Test log'!$I$2:$I$42,"High") -> 0 | D12: =COUNTIFS('Test log'!$H$2:$H$42,A12,'Test log'!$I$2:$I$42,"Medium") -> 1 | E12: =COUNTIFS('Test log'!$H$2:$H$42,A12,'Test log'!$I$2:$I$42,"Low") -> 0
A13: ='Error types'!A13 -> Other | B13: =COUNTIF('Test log'!$H$2:$H$42,A13) -> 0 | C13: =COUNTIFS('Test log'!$H$2:$H$42,A13,'Test log'!$I$2:$I$42,"High") -> 0 | D13: =COUNTIFS('Test log'!$H$2:$H$42,A13,'Test log'!$I$2:$I$42,"Medium") -> 0 | E13: =COUNTIFS('Test log'!$H$2:$H$42,A13,'Test log'!$I$2:$I$42,"Low") -> 0
A14: Total tests logged | B14: =SUM(B2:B13) -> 26
A15: Failures (excl. passed) | B15: =B14-B2 -> 11

Sheet Error types
A1: Error type | B1: What it means
A2: None (passed) | B2: Output was correct and natural.
A3: Code-mix break | B3: Mishandles mid-sentence switching between English and an Indian language (wrong script, dropped words, switches language unprompted).
A4: Number / amount | B4: Wrong digits, units, currency, lakh/crore, or numbers read out unnaturally.
A5: Date / time | B5: Wrong date, time, or format; misreads relative dates (kal, parso).
A6: Name / entity | B6: Misspells or mangles people, places, brands, or product names.
A7: Script / transliteration | B7: Wrong script, or poor Roman-to-native script conversion or the reverse.
A8: Meaning / translation | B8: Fluent but meaning shifted, idiom translated literally, or register wrong (too formal or too casual).
A9: Hallucination / fact | B9: States something false or invents details, especially about Indian context.
A10: Instruction miss | B10: Ignores format, length, language, or constraint asked for.
A11: Pronunciation / prosody | B11: TTS mispronounces, wrong stress, robotic pacing, odd pauses.
A12: Latency | B12: Correct but too slow for the use case (note seconds).
... A19: High | B19: Wrong action or wrong information a user would act on (money, dates, names in a real flow).
